,Height,Weight,Medal_Counts
0,,,8451
1,175.0,70.0,147
2,170.0,65.0,138
3,180.0,75.0,132
4,178.0,70.0,129
5,178.0,75.0,111
6,185.0,80.0,105
7,170.0,,100
8,180.0,73.0,98
9,170.0,60.0,95
10,183.0,73.0,95
11,180.0,70.0,91
12,183.0,75.0,91
13,180.0,77.0,90
14,180.0,78.0,89
15,180.0,72.0,89
16,168.0,60.0,88
17,178.0,73.0,88
18,185.0,75.0,87
19,175.0,68.0,85
20,170.0,64.0,84
21,175.0,72.0,84
22,176.0,70.0,83
23,188.0,84.0,83
24,180.0,74.0,82
25,180.0,80.0,82
26,183.0,80.0,82
27,175.0,65.0,81
28,172.0,68.0,80
29,178.0,72.0,80
30,178.0,74.0,80
31,180.0,,80
32,165.0,57.0,78
33,172.0,65.0,78
34,173.0,70.0,78
35,175.0,75.0,78
36,178.0,68.0,78
37,183.0,70.0,78
38,173.0,66.0,77
39,174.0,70.0,77
40,170.0,70.0,76
41,176.0,75.0,76
42,168.0,58.0,75
43,170.0,68.0,75
44,182.0,75.0,75
45,183.0,77.0,74
46,170.0,62.0,73
47,165.0,58.0,72
48,170.0,59.0,72
49,180.0,79.0,72
50,167.0,60.0,71
51,170.0,66.0,71
52,173.0,68.0,71
53,173.0,63.0,70
54,180.0,76.0,70
55,170.0,63.0,69
56,173.0,61.0,69
57,178.0,78.0,69
58,183.0,78.0,69
59,167.0,,68
60,168.0,63.0,68
61,175.0,73.0,68
62,178.0,77.0,68
63,173.0,60.0,67
64,165.0,60.0,66
65,172.0,64.0,66
66,172.0,70.0,65
67,174.0,65.0,65
68,175.0,67.0,65
69,183.0,74.0,65
70,168.0,62.0,64
71,173.0,64.0,64
72,173.0,,64
73,177.0,70.0,64
74,182.0,78.0,64
75,183.0,79.0,64
76,185.0,79.0,64
77,170.0,57.0,63
78,176.0,72.0,62
79,183.0,83.0,62
80,163.0,59.0,61
81,175.0,71.0,61
82,178.0,65.0,61
83,186.0,80.0,61
84,190.0,90.0,61
85,167.0,58.0,60
86,170.0,61.0,60
87,175.0,64.0,59
88,180.0,68.0,59
89,172.0,66.0,58
90,175.0,66.0,58
91,180.0,71.0,58
92,165.0,62.0,57
93,178.0,,57
94,178.0,71.0,57
95,174.0,68.0,56
96,177.0,75.0,56
97,182.0,70.0,56
98,190.0,88.0,56
99,165.0,55.0,55
100,180.0,82.0,55
101,183.0,,55
102,183.0,86.0,55
103,185.0,77.0,55
104,185.0,85.0,55
105,160.0,58.0,54
106,167.0,57.0,54
107,170.0,67.0,54
108,184.0,78.0,54
109,165.0,59.0,53
110,168.0,64.0,53
111,172.0,67.0,53
112,182.0,76.0,53
113,184.0,80.0,53
114,186.0,82.0,53
115,172.0,60.0,52
116,173.0,73.0,52
117,176.0,68.0,52
118,178.0,76.0,52
119,188.0,80.0,52
120,172.0,63.0,51
121,173.0,59.0,51
122,175.0,78.0,51
123,183.0,85.0,51
124,185.0,82.0,51
125,188.0,81.0,51
126,168.0,56.0,50
127,178.0,66.0,50
128,190.0,86.0,50
129,168.0,65.0,49
130,170.0,58.0,49
131,173.0,65.0,49
132,183.0,82.0,49
133,185.0,78.0,49
134,190.0,82.0,49
135,193.0,91.0,49
136,160.0,55.0,48
137,162.0,58.0,48
138,165.0,54.0,48
139,172.0,62.0,48
140,174.0,64.0,48
141,174.0,72.0,48
142,175.0,63.0,48
143,178.0,82.0,48
144,182.0,72.0,48
145,182.0,73.0,48
146,163.0,57.0,47
147,168.0,57.0,47
148,174.0,69.0,47
149,179.0,75.0,47
150,182.0,82.0,47
151,188.0,82.0,47
152,190.0,85.0,47
153,166.0,60.0,46
154,168.0,,46
155,178.0,80.0,46
156,180.0,81.0,46
157,181.0,75.0,46
158,182.0,80.0,46
159,183.0,68.0,46
160,183.0,76.0,46
161,185.0,83.0,46
162,186.0,77.0,46
163,172.0,74.0,45
164,177.0,68.0,45
165,178.0,64.0,45
166,178.0,69.0,45
167,182.0,77.0,45
168,187.0,80.0,45
169,188.0,86.0,45
170,170.0,73.0,44
171,171.0,64.0,44
172,175.0,62.0,44
173,181.0,72.0,44
174,162.0,56.0,43
175,173.0,67.0,43
176,174.0,75.0,43
177,176.0,74.0,43
178,180.0,66.0,43
179,181.0,73.0,43
180,160.0,52.0,42
181,168.0,59.0,42
182,170.0,55.0,42
183,183.0,84.0,42
184,184.0,75.0,42
185,188.0,88.0,42
186,177.0,72.0,41
187,178.0,67.0,41
188,185.0,86.0,41
189,185.0,81.0,41
190,186.0,75.0,41
191,188.0,77.0,41
192,160.0,57.0,40
193,164.0,54.0,40
194,165.0,56.0,40
195,168.0,55.0,40
196,169.0,68.0,40
197,170.0,56.0,40
198,170.0,72.0,40
199,176.0,73.0,40
200,180.0,69.0,40
201,183.0,81.0,40
202,164.0,55.0,39
203,166.0,58.0,39
204,170.0,69.0,39
205,172.0,69.0,39
206,176.0,69.0,39
207,176.0,65.0,39
208,179.0,73.0,39
209,180.0,85.0,39
210,181.0,78.0,39
211,183.0,72.0,39
212,185.0,73.0,39
213,185.0,,39
214,187.0,83.0,39
215,160.0,54.0,38
216,164.0,56.0,38
217,167.0,63.0,38
218,168.0,70.0,38
219,171.0,63.0,38
220,172.0,72.0,38
221,174.0,62.0,38
222,177.0,74.0,38
223,179.0,72.0,38
224,180.0,86.0,38
225,180.0,67.0,38
226,182.0,79.0,38
227,184.0,72.0,38
228,185.0,84.0,38
229,187.0,84.0,38
230,193.0,93.0,38
231,168.0,61.0,37
232,169.0,63.0,37
233,171.0,60.0,37
234,174.0,73.0,37
235,174.0,74.0,37
236,177.0,78.0,37
237,178.0,81.0,37
238,179.0,76.0,37
239,179.0,74.0,37
240,184.0,82.0,37
241,190.0,95.0,37
242,192.0,90.0,37
243,166.0,61.0,36
244,168.0,54.0,36
245,169.0,60.0,36
246,176.0,67.0,36
247,176.0,64.0,36
248,181.0,77.0,36
249,182.0,83.0,36
250,188.0,85.0,36
251,188.0,79.0,36
252,162.0,60.0,35
253,170.0,54.0,35
254,170.0,75.0,35
255,175.0,60.0,35
256,176.0,63.0,35
257,178.0,79.0,35
258,179.0,70.0,35
259,180.0,84.0,35
260,185.0,89.0,35
261,186.0,78.0,35
262,186.0,81.0,35
263,190.0,89.0,35
264,172.0,61.0,34
265,173.0,69.0,34
266,174.0,63.0,34
267,175.0,80.0,34
268,177.0,71.0,34
269,177.0,80.0,34
270,180.0,65.0,34
271,182.0,85.0,34
272,183.0,90.0,34
273,184.0,84.0,34
274,186.0,84.0,34
275,188.0,89.0,34
276,190.0,84.0,34
277,163.0,63.0,33
278,165.0,63.0,33
279,167.0,65.0,33
280,169.0,64.0,33
281,171.0,68.0,33
282,175.0,61.0,33
283,176.0,71.0,33
284,181.0,70.0,33
285,184.0,79.0,33
286,185.0,90.0,33
287,185.0,72.0,33
288,186.0,85.0,33
289,186.0,90.0,33
290,188.0,75.0,33
291,190.0,93.0,33
292,160.0,56.0,32
293,162.0,52.0,32
294,165.0,66.0,32
295,165.0,64.0,32
296,165.0,,32
297,168.0,68.0,32
298,172.0,71.0,32
299,174.0,60.0,32
300,175.0,77.0,32
301,176.0,66.0,32
302,179.0,80.0,32
303,181.0,81.0,32
304,186.0,83.0,32
305,165.0,65.0,31
306,169.0,66.0,31
307,171.0,65.0,31
308,179.0,82.0,31
309,180.0,64.0,31
310,188.0,78.0,31
311,188.0,83.0,31
312,190.0,92.0,31
313,192.0,92.0,31
314,193.0,86.0,31
315,160.0,60.0,30
316,161.0,52.0,30
317,162.0,55.0,30
318,163.0,60.0,30
319,172.0,59.0,30
320,173.0,71.0,30
321,174.0,67.0,30
322,175.0,69.0,30
323,175.0,74.0,30
324,177.0,76.0,30
325,178.0,63.0,30
326,178.0,83.0,30
327,181.0,80.0,30
328,184.0,77.0,30
329,184.0,73.0,30
330,185.0,76.0,30
331,185.0,74.0,30
332,185.0,70.0,30
333,186.0,86.0,30
334,187.0,90.0,30
335,190.0,87.0,30
336,158.0,48.0,29
337,160.0,50.0,29
338,162.0,53.0,29
339,163.0,55.0,29
340,166.0,56.0,29
341,171.0,66.0,29
342,173.0,72.0,29
343,176.0,80.0,29
344,177.0,67.0,29
345,180.0,90.0,29
346,181.0,76.0,29
347,182.0,84.0,29
348,182.0,90.0,29
349,185.0,91.0,29
350,187.0,87.0,29
351,188.0,87.0,29
352,188.0,95.0,29
353,190.0,100.0,29
354,191.0,86.0,29
355,161.0,57.0,28
356,164.0,58.0,28
357,164.0,59.0,28
358,165.0,68.0,28
359,165.0,61.0,28
360,171.0,71.0,28
361,172.0,73.0,28
362,172.0,57.0,28
363,173.0,74.0,28
364,173.0,62.0,28
365,175.0,,28
366,179.0,79.0,28
367,179.0,85.0,28
368,184.0,74.0,28
369,184.0,76.0,28
370,184.0,90.0,28
371,184.0,85.0,28
372,185.0,92.0,28
373,191.0,80.0,28
374,193.0,89.0,28
375,196.0,90.0,28
376,163.0,54.0,27
377,164.0,60.0,27
378,165.0,52.0,27
379,167.0,66.0,27
380,167.0,64.0,27
381,169.0,59.0,27
382,169.0,62.0,27
383,173.0,75.0,27
384,177.0,73.0,27
385,178.0,84.0,27
386,180.0,60.0,27
387,181.0,82.0,27
388,190.0,78.0,27
389,160.0,48.0,26
390,166.0,55.0,26
391,167.0,56.0,26
392,167.0,68.0,26
393,167.0,62.0,26
394,168.0,66.0,26
395,169.0,61.0,26
396,170.0,71.0,26
397,171.0,67.0,26
398,172.0,75.0,26
399,176.0,60.0,26
400,179.0,78.0,26
401,181.0,79.0,26
402,181.0,74.0,26
403,182.0,71.0,26
404,183.0,71.0,26
405,184.0,86.0,26
406,185.0,88.0,26
407,187.0,82.0,26
408,191.0,91.0,26
409,193.0,80.0,26
410,195.0,90.0,26
411,157.0,52.0,25
412,164.0,52.0,25
413,166.0,63.0,25
414,167.0,67.0,25
415,171.0,73.0,25
416,177.0,69.0,25
417,180.0,83.0,25
418,182.0,81.0,25
419,183.0,88.0,25
420,190.0,91.0,25
421,191.0,87.0,25
422,193.0,90.0,25
423,195.0,95.0,25
424,158.0,50.0,24
425,162.0,57.0,24
426,162.0,48.0,24
427,163.0,58.0,24
428,164.0,57.0,24
429,167.0,55.0,24
430,168.0,67.0,24
431,169.0,57.0,24
432,169.0,65.0,24
433,173.0,77.0,24
434,174.0,71.0,24
435,175.0,58.0,24
436,175.0,76.0,24
437,176.0,78.0,24
438,177.0,64.0,24
439,186.0,76.0,24
440,188.0,91.0,24
441,188.0,90.0,24
442,189.0,83.0,24
443,190.0,80.0,24
444,191.0,90.0,24
445,192.0,88.0,24
446,192.0,85.0,24
447,193.0,96.0,24
448,194.0,90.0,24
449,162.0,51.0,23
450,163.0,61.0,23
451,169.0,70.0,23
452,171.0,58.0,23
453,173.0,58.0,23
454,175.0,79.0,23
455,177.0,65.0,23
456,178.0,86.0,23
457,179.0,77.0,23
458,180.0,63.0,23
459,184.0,88.0,23
460,185.0,68.0,23
461,186.0,72.0,23
462,190.0,77.0,23
463,191.0,84.0,23
464,193.0,95.0,23
465,198.0,100.0,23
466,200.0,100.0,23
467,162.0,50.0,22
468,169.0,67.0,22
469,170.0,74.0,22
470,172.0,58.0,22
471,176.0,76.0,22
472,180.0,88.0,22
473,181.0,68.0,22
474,187.0,79.0,22
475,190.0,83.0,22
476,196.0,95.0,22
477,158.0,52.0,21
478,160.0,49.0,21
479,162.0,54.0,21
480,166.0,62.0,21
481,167.0,52.0,21
482,169.0,55.0,21
483,171.0,72.0,21
484,171.0,,21
485,174.0,57.0,21
486,178.0,60.0,21
487,182.0,86.0,21
488,185.0,93.0,21
489,186.0,88.0,21
490,187.0,75.0,21
491,187.0,86.0,21
492,187.0,85.0,21
493,188.0,100.0,21
494,191.0,89.0,21
495,193.0,85.0,21
496,163.0,64.0,20
497,165.0,53.0,20
498,167.0,54.0,20
499,169.0,58.0,20
500,171.0,59.0,20
501,171.0,62.0,20
502,174.0,78.0,20
503,176.0,85.0,20
504,178.0,62.0,20
505,179.0,68.0,20
506,182.0,74.0,20
507,183.0,93.0,20
508,185.0,95.0,20
509,190.0,79.0,20
510,193.0,92.0,20
511,196.0,100.0,20
512,197.0,95.0,20
513,198.0,97.0,20
514,198.0,90.0,20
515,200.0,95.0,20
516,158.0,53.0,19
517,160.0,45.0,19
518,160.0,51.0,19
519,166.0,66.0,19
520,166.0,64.0,19
521,168.0,69.0,19
522,169.0,69.0,19
523,171.0,70.0,19
524,171.0,55.0,19
525,172.0,56.0,19
526,173.0,76.0,19
527,175.0,59.0,19
528,176.0,62.0,19
529,177.0,66.0,19
530,181.0,69.0,19
531,184.0,81.0,19
532,186.0,79.0,19
533,187.0,72.0,19
534,189.0,80.0,19
535,189.0,86.0,19
536,190.0,75.0,19
537,195.0,93.0,19
538,200.0,102.0,19
539,159.0,52.0,18
540,163.0,62.0,18
541,165.0,70.0,18
542,166.0,57.0,18
543,167.0,61.0,18
544,170.0,52.0,18
545,174.0,66.0,18
546,178.0,85.0,18
547,181.0,71.0,18
548,182.0,,18
549,183.0,67.0,18
550,183.0,100.0,18
551,183.0,95.0,18
552,186.0,73.0,18
553,186.0,74.0,18
554,186.0,87.0,18
555,187.0,88.0,18
556,188.0,,18
557,189.0,89.0,18
558,191.0,88.0,18
559,192.0,95.0,18
560,194.0,89.0,18
561,195.0,98.0,18
562,198.0,91.0,18
563,198.0,96.0,18
564,160.0,62.0,17
565,162.0,59.0,17
566,163.0,52.0,17
567,164.0,50.0,17
568,164.0,62.0,17
569,166.0,54.0,17
570,170.0,80.0,17
571,175.0,82.0,17
572,178.0,59.0,17
573,179.0,64.0,17
574,183.0,87.0,17
575,183.0,91.0,17
576,183.0,66.0,17
577,185.0,87.0,17
578,186.0,95.0,17
579,187.0,81.0,17
580,188.0,74.0,17
581,188.0,73.0,17
582,189.0,88.0,17
583,189.0,85.0,17
584,190.0,76.0,17
585,191.0,93.0,17
586,192.0,94.0,17
587,193.0,98.0,17
588,193.0,82.0,17
589,193.0,84.0,17
590,196.0,92.0,17
591,,75.0,16
592,157.0,48.0,16
593,162.0,63.0,16
594,163.0,50.0,16
595,164.0,63.0,16
596,166.0,65.0,16
597,173.0,57.0,16
598,174.0,55.0,16
599,175.0,57.0,16
600,178.0,95.0,16
601,179.0,60.0,16
602,181.0,66.0,16
603,181.0,86.0,16
604,181.0,84.0,16
605,182.0,68.0,16
606,182.0,88.0,16
607,186.0,70.0,16
608,186.0,91.0,16
609,187.0,93.0,16
610,188.0,76.0,16
611,192.0,91.0,16
612,192.0,87.0,16
613,193.0,94.0,16
614,193.0,100.0,16
615,194.0,96.0,16
616,196.0,96.0,16
617,198.0,89.0,16
618,150.0,48.0,15
619,160.0,59.0,15
620,162.0,61.0,15
621,163.0,,15
622,164.0,53.0,15
623,165.0,47.0,15
624,167.0,59.0,15
625,167.0,70.0,15
626,168.0,50.0,15
627,170.0,77.0,15
628,171.0,75.0,15
629,171.0,61.0,15
630,172.0,,15
631,173.0,80.0,15
632,174.0,76.0,15
633,176.0,77.0,15
634,176.0,79.0,15
635,177.0,77.0,15
636,177.0,79.0,15
637,179.0,,15
638,182.0,87.0,15
639,183.0,89.0,15
640,184.0,89.0,15
641,184.0,83.0,15
642,187.0,73.0,15
643,193.0,87.0,15
644,195.0,96.0,15
645,195.0,91.0,15
646,196.0,98.0,15
647,197.0,100.0,15
648,198.0,99.0,15
649,154.0,48.0,14
650,156.0,48.0,14
651,158.0,54.0,14
652,158.0,56.0,14
653,158.0,55.0,14
654,161.0,55.0,14
655,161.0,56.0,14
656,165.0,50.0,14
657,165.0,51.0,14
658,172.0,54.0,14
659,172.0,78.0,14
660,174.0,58.0,14
661,175.0,85.0,14
662,176.0,82.0,14
663,178.0,61.0,14
664,179.0,71.0,14
665,179.0,69.0,14
666,180.0,95.0,14
667,181.0,67.0,14
668,182.0,69.0,14
669,182.0,67.0,14
670,185.0,71.0,14
671,188.0,98.0,14
672,188.0,92.0,14
673,189.0,84.0,14
674,189.0,74.0,14
675,190.0,81.0,14
676,190.0,74.0,14
677,190.0,120.0,14
678,191.0,83.0,14
679,192.0,89.0,14
680,193.0,88.0,14
681,194.0,94.0,14
682,195.0,86.0,14
683,196.0,85.0,14
684,196.0,94.0,14
685,198.0,94.0,14
686,200.0,93.0,14
687,200.0,105.0,14
688,,67.0,13
689,155.0,,13
690,157.0,50.0,13
691,157.0,44.0,13
692,157.0,45.0,13
693,158.0,45.0,13
694,159.0,55.0,13
695,161.0,60.0,13
696,161.0,58.0,13
697,163.0,51.0,13
698,163.0,56.0,13
699,167.0,53.0,13
700,168.0,52.0,13
701,168.0,73.0,13
702,169.0,,13
703,169.0,56.0,13
704,171.0,57.0,13
705,171.0,69.0,13
706,174.0,61.0,13
707,175.0,84.0,13
708,175.0,86.0,13
709,177.0,63.0,13
710,180.0,97.0,13
711,181.0,88.0,13
712,182.0,95.0,13
713,183.0,64.0,13
714,183.0,65.0,13
715,184.0,87.0,13
716,184.0,70.0,13
717,187.0,95.0,13
718,187.0,77.0,13
719,188.0,94.0,13
720,189.0,87.0,13
721,189.0,96.0,13
722,191.0,81.0,13
723,191.0,76.0,13
724,191.0,94.0,13
725,191.0,82.0,13
726,191.0,85.0,13
727,192.0,84.0,13
728,192.0,98.0,13
729,194.0,95.0,13
730,196.0,84.0,13
731,196.0,88.0,13
732,197.0,93.0,13
733,198.0,92.0,13
734,,77.0,12
735,,82.0,12
736,155.0,56.0,12
737,156.0,52.0,12
738,157.0,54.0,12
739,158.0,51.0,12
740,159.0,59.0,12
741,161.0,48.0,12
742,164.0,67.0,12
743,164.0,65.0,12
744,164.0,64.0,12
745,165.0,49.0,12
746,167.0,51.0,12
747,167.0,69.0,12
748,168.0,75.0,12
749,174.0,80.0,12
750,174.0,59.0,12
751,175.0,55.0,12
752,176.0,,12
753,176.0,61.0,12
754,177.0,62.0,12
755,177.0,60.0,12
756,178.0,89.0,12
757,179.0,83.0,12
758,179.0,84.0,12
759,180.0,91.0,12
760,181.0,,12
761,183.0,92.0,12
762,184.0,66.0,12
763,187.0,76.0,12
764,187.0,98.0,12
765,187.0,94.0,12
766,187.0,78.0,12
767,187.0,100.0,12
768,188.0,72.0,12
769,190.0,94.0,12
770,190.0,102.0,12
771,190.0,97.0,12
772,191.0,98.0,12
773,194.0,92.0,12
774,194.0,87.0,12
775,194.0,85.0,12
776,195.0,100.0,12
777,195.0,85.0,12
778,195.0,89.0,12
779,196.0,104.0,12
780,,79.0,11
781,,60.0,11
782,152.0,43.0,11
783,155.0,53.0,11
784,160.0,47.0,11
785,165.0,48.0,11
786,165.0,69.0,11
787,166.0,59.0,11
788,166.0,52.0,11
789,166.0,50.0,11
790,167.0,73.0,11
791,168.0,51.0,11
792,168.0,72.0,11
793,173.0,82.0,11
794,174.0,,11
795,176.0,58.0,11
796,178.0,58.0,11
797,179.0,90.0,11
798,182.0,92.0,11
799,187.0,,11
800,187.0,74.0,11
801,187.0,70.0,11
802,187.0,92.0,11
803,188.0,93.0,11
804,188.0,70.0,11
805,189.0,76.0,11
806,189.0,92.0,11
807,189.0,91.0,11
808,189.0,93.0,11
809,192.0,93.0,11
810,192.0,80.0,11
811,192.0,82.0,11
812,193.0,83.0,11
813,194.0,93.0,11
814,195.0,102.0,11
815,196.0,93.0,11
816,197.0,89.0,11
817,198.0,93.0,11
818,198.0,95.0,11
819,202.0,100.0,11
820,202.0,90.0,11
821,203.0,95.0,11
822,203.0,105.0,11
823,156.0,46.0,10
824,157.0,53.0,10
825,159.0,51.0,10
826,160.0,66.0,10
827,160.0,65.0,10
828,160.0,53.0,10
829,161.0,62.0,10
830,162.0,62.0,10
831,162.0,45.0,10
832,163.0,65.0,10
833,164.0,61.0,10
834,164.0,51.0,10
835,170.0,82.0,10
836,171.0,74.0,10
837,173.0,55.0,10
838,174.0,85.0,10
839,177.0,82.0,10
840,177.0,84.0,10
841,179.0,65.0,10
842,180.0,87.0,10
843,180.0,62.0,10
844,181.0,90.0,10
845,181.0,100.0,10
846,182.0,65.0,10
847,183.0,62.0,10
848,183.0,69.0,10
849,184.0,69.0,10
850,185.0,100.0,10
851,186.0,67.0,10
852,186.0,94.0,10
853,186.0,100.0,10
854,189.0,82.0,10
855,189.0,90.0,10
856,189.0,81.0,10
857,189.0,77.0,10
858,190.0,96.0,10
859,192.0,97.0,10
860,193.0,104.0,10
861,195.0,80.0,10
862,195.0,94.0,10
863,196.0,91.0,10
864,196.0,89.0,10
865,196.0,97.0,10
866,197.0,94.0,10
867,198.0,86.0,10
868,200.0,87.0,10
869,203.0,98.0,10
870,,73.0,9
871,155.0,50.0,9
872,155.0,47.0,9
873,155.0,48.0,9
874,156.0,60.0,9
875,157.0,55.0,9
876,159.0,57.0,9
877,163.0,66.0,9
878,164.0,66.0,9
879,166.0,53.0,9
880,169.0,54.0,9
881,170.0,78.0,9
882,170.0,76.0,9
883,170.0,50.0,9
884,172.0,52.0,9
885,173.0,84.0,9
886,173.0,79.0,9
887,174.0,77.0,9
888,175.0,81.0,9
889,176.0,86.0,9
890,176.0,59.0,9
891,176.0,84.0,9
892,177.0,81.0,9
893,179.0,67.0,9
894,180.0,94.0,9
895,180.0,100.0,9
896,180.0,89.0,9
897,181.0,85.0,9
898,181.0,89.0,9
899,184.0,92.0,9
900,184.0,100.0,9
901,184.0,,9
902,185.0,110.0,9
903,186.0,71.0,9
904,186.0,89.0,9
905,189.0,79.0,9
906,189.0,94.0,9
907,189.0,,9
908,191.0,,9
909,191.0,97.0,9
910,191.0,95.0,9
911,196.0,102.0,9
912,198.0,88.0,9
913,200.0,84.0,9
914,200.0,98.0,9
915,200.0,97.0,9
916,200.0,,9
917,201.0,100.0,9
918,,74.0,8
919,150.0,40.0,8
920,152.0,47.0,8
921,153.0,48.0,8
922,154.0,52.0,8
923,155.0,54.0,8
924,155.0,52.0,8
925,157.0,58.0,8
926,157.0,60.0,8
927,158.0,44.0,8
928,158.0,49.0,8
929,159.0,49.0,8
930,159.0,50.0,8
931,160.0,63.0,8
932,161.0,54.0,8
933,162.0,,8
934,162.0,47.0,8
935,163.0,49.0,8
936,163.0,67.0,8
937,163.0,68.0,8
938,163.0,48.0,8
939,164.0,,8
940,164.0,48.0,8
941,164.0,70.0,8
942,166.0,67.0,8
943,166.0,,8
944,166.0,69.0,8
945,167.0,71.0,8
946,168.0,53.0,8
947,170.0,81.0,8
948,171.0,56.0,8
949,171.0,53.0,8
950,172.0,79.0,8
951,172.0,76.0,8
952,172.0,55.0,8
953,172.0,83.0,8
954,173.0,78.0,8
955,174.0,86.0,8
956,175.0,90.0,8
957,175.0,54.0,8
958,177.0,,8
959,177.0,90.0,8
960,179.0,62.0,8
961,181.0,83.0,8
962,181.0,98.0,8
963,182.0,64.0,8
964,182.0,91.0,8
965,184.0,67.0,8
966,184.0,95.0,8
967,185.0,69.0,8
968,185.0,102.0,8
969,185.0,96.0,8
970,189.0,75.0,8
971,189.0,100.0,8
972,189.0,97.0,8
973,190.0,72.0,8
974,190.0,,8
975,191.0,100.0,8
976,191.0,96.0,8
977,191.0,75.0,8
978,191.0,77.0,8
979,192.0,86.0,8
980,192.0,100.0,8
981,192.0,96.0,8
982,193.0,97.0,8
983,193.0,99.0,8
984,193.0,,8
985,194.0,84.0,8
986,194.0,88.0,8
987,195.0,82.0,8
988,195.0,97.0,8
989,195.0,87.0,8
990,196.0,101.0,8
991,198.0,85.0,8
992,198.0,98.0,8
993,199.0,99.0,8
994,201.0,102.0,8
995,203.0,102.0,8
996,,100.0,7
997,,71.0,7
998,,76.0,7
999,,56.0,7
1000,,78.0,7
1001,147.0,39.0,7
1002,150.0,53.0,7
1003,152.0,49.0,7
1004,152.0,39.0,7
1005,152.0,48.0,7
1006,153.0,40.0,7
1007,156.0,58.0,7
1008,156.0,50.0,7
1009,157.0,51.0,7
1010,158.0,58.0,7
1011,158.0,46.0,7
1012,159.0,62.0,7
1013,159.0,53.0,7
1014,159.0,60.0,7
1015,160.0,61.0,7
1016,160.0,,7
1017,163.0,47.0,7
1018,163.0,53.0,7
1019,166.0,47.0,7
1020,166.0,51.0,7
1021,166.0,68.0,7
1022,169.0,77.0,7
1023,169.0,74.0,7
1024,169.0,71.0,7
1025,170.0,53.0,7
1026,172.0,77.0,7
1027,172.0,85.0,7
1028,173.0,56.0,7
1029,173.0,83.0,7
1030,174.0,52.0,7
1031,176.0,68.5,7
1032,176.0,83.0,7
1033,177.0,85.0,7
1034,179.0,66.0,7
1035,179.0,86.0,7
1036,179.0,81.0,7
1037,180.0,96.0,7
1038,181.0,65.0,7
1039,181.0,87.0,7
1040,182.0,63.0,7
1041,182.0,66.0,7
1042,183.0,110.0,7
1043,183.0,98.0,7
1044,185.0,66.0,7
1045,185.0,98.0,7
1046,185.0,94.0,7
1047,186.0,93.0,7
1048,188.0,96.0,7
1049,188.0,71.0,7
1050,190.0,73.0,7
1051,190.0,98.0,7
1052,191.0,79.0,7
1053,191.0,78.0,7
1054,191.0,72.0,7
1055,192.0,102.0,7
1056,192.0,120.0,7
1057,193.0,81.0,7
1058,193.0,103.0,7
1059,195.0,115.0,7
1060,195.0,99.0,7
1061,195.0,105.0,7
1062,195.0,83.0,7
1063,196.0,82.0,7
1064,196.0,86.0,7
1065,199.0,93.0,7
1066,200.0,96.0,7
1067,201.0,86.0,7
1068,202.0,88.0,7
1069,203.0,93.0,7
1070,,70.0,6
1071,,81.0,6
1072,,69.0,6
1073,145.0,40.0,6
1074,145.0,38.0,6
1075,152.0,41.0,6
1076,152.0,,6
1077,153.0,43.0,6
1078,154.0,50.0,6
1079,155.0,55.0,6
1080,155.0,58.0,6
1081,155.0,45.0,6
1082,157.0,55.5,6
1083,157.0,49.0,6
1084,157.0,,6
1085,158.0,60.0,6
1086,159.0,56.0,6
1087,160.0,69.0,6
1088,160.0,46.0,6
1089,161.0,51.0,6
1090,162.0,65.0,6
1091,162.0,70.0,6
1092,163.0,82.0,6
1093,165.0,67.0,6
1094,165.0,72.0,6
1095,166.0,70.0,6
1096,167.0,74.0,6
1097,168.0,74.0,6
1098,168.0,76.0,6
1099,169.0,75.0,6
1100,169.0,78.0,6
1101,169.0,53.0,6
1102,170.0,51.0,6
1103,170.0,85.0,6
1104,171.0,80.0,6
1105,172.0,81.0,6
1106,172.0,80.0,6
1107,173.0,53.0,6
1108,175.0,93.0,6
1109,176.0,57.0,6
1110,176.0,81.0,6
1111,178.0,92.0,6
1112,178.0,90.0,6
1113,178.0,87.0,6
1114,178.0,91.0,6
1115,179.0,89.0,6
1116,179.0,63.0,6
1117,180.0,79.5,6
1118,180.0,61.0,6
1119,181.0,93.0,6
1120,181.0,105.0,6
1121,183.0,63.0,6
1122,184.0,68.0,6
1123,185.0,67.0,6
1124,186.0,105.0,6
1125,187.0,89.0,6
1126,187.0,97.0,6
1127,187.0,96.0,6
1128,188.0,102.0,6
1129,189.0,102.0,6
1130,189.0,98.0,6
1131,190.0,105.0,6
1132,190.0,111.0,6
1133,191.0,105.0,6
1134,191.0,73.0,6
1135,193.0,71.0,6
1136,194.0,91.0,6
1137,195.0,92.0,6
1138,195.0,75.0,6
1139,195.0,88.0,6
1140,196.0,125.0,6
1141,196.0,80.0,6
1142,197.0,97.0,6
1143,197.0,87.0,6
1144,197.0,86.0,6
1145,198.0,104.0,6
1146,198.0,125.0,6
1147,199.0,98.0,6
1148,199.0,95.0,6
1149,199.0,100.0,6
1150,200.0,82.0,6
1151,201.0,88.0,6
1152,202.0,105.0,6
1153,202.0,110.0,6
1154,203.0,96.0,6
1155,203.0,100.0,6
1156,204.0,100.0,6
1157,204.0,95.0,6
1158,205.0,100.0,6
1159,,66.0,5
1160,,80.0,5
1161,136.0,30.0,5
1162,143.0,47.0,5
1163,145.0,42.0,5
1164,146.0,48.0,5
1165,147.0,41.0,5
1166,148.0,40.0,5
1167,150.0,56.0,5
1168,150.0,51.0,5
1169,150.0,44.0,5
1170,152.0,44.0,5
1171,152.0,42.0,5
1172,153.0,53.0,5
1173,154.0,43.0,5
1174,154.0,42.0,5
1175,154.0,63.0,5
1176,155.0,51.0,5
1177,155.0,57.0,5
1178,156.0,47.0,5
1179,156.0,43.0,5
1180,156.0,54.0,5
1181,156.0,51.0,5
1182,159.0,63.0,5
1183,159.0,48.0,5
1184,160.0,71.0,5
1185,161.0,53.0,5
1186,161.0,,5
1187,161.0,68.0,5
1188,162.0,49.0,5
1189,164.0,68.0,5
1190,167.0,50.0,5
1191,167.0,75.0,5
1192,168.0,57.5,5
1193,168.0,48.0,5
1194,170.0,86.0,5
1195,171.0,77.0,5
1196,172.0,90.0,5
1197,173.0,51.0,5
1198,173.0,86.0,5
1199,173.0,93.0,5
1200,174.0,83.0,5
1201,174.0,90.0,5
1202,175.0,56.0,5
1203,175.0,98.0,5
1204,176.0,56.0,5
1205,176.0,87.0,5
1206,177.0,54.0,5
1207,177.0,57.0,5
1208,177.0,83.0,5
1209,178.0,104.0,5
1210,178.0,100.0,5
1211,179.0,88.0,5
1212,180.0,92.0,5
1213,180.0,98.0,5
1214,180.0,59.0,5
1215,180.0,102.0,5
1216,180.0,120.0,5
1217,181.0,64.0,5
1218,182.0,89.0,5
1219,182.0,100.0,5
1220,182.0,59.0,5
1221,182.0,130.0,5
1222,182.0,62.0,5
1223,183.0,109.0,5
1224,183.0,105.0,5
1225,184.0,118.0,5
1226,185.0,99.0,5
1227,185.0,106.0,5
1228,185.0,125.0,5
1229,186.0,92.0,5
1230,187.0,91.0,5
1231,188.0,130.0,5
1232,188.0,105.0,5
1233,189.0,70.0,5
1234,190.0,70.0,5
1235,190.0,99.0,5
1236,191.0,92.0,5
1237,192.0,125.0,5
1238,192.0,83.0,5
1239,193.0,72.0,5
1240,193.0,77.0,5
1241,194.0,100.0,5
1242,194.0,98.0,5
1243,195.0,84.0,5
1244,196.0,116.0,5
1245,196.0,120.0,5
1246,196.0,87.0,5
1247,197.0,85.0,5
1248,197.0,91.0,5
1249,198.0,87.0,5
1250,198.0,130.0,5
1251,198.0,101.0,5
1252,199.0,94.0,5
1253,199.0,105.0,5
1254,199.0,90.0,5
1255,200.0,86.0,5
1256,200.0,94.0,5
1257,201.0,101.0,5
1258,201.0,92.0,5
1259,202.0,95.0,5
1260,205.0,109.0,5
1261,205.0,104.0,5
1262,205.0,105.0,5
1263,208.0,94.0,5
1264,,72.0,4
1265,,52.0,4
1266,,68.0,4
1267,,104.0,4
1268,,59.0,4
1269,145.0,41.0,4
1270,146.0,37.0,4
1271,148.0,33.0,4
1272,150.0,42.0,4
1273,150.0,54.0,4
1274,153.0,52.0,4
1275,153.0,50.0,4
1276,154.0,58.0,4
1277,154.0,53.0,4
1278,155.0,46.0,4
1279,155.0,63.0,4
1280,156.0,42.0,4
1281,156.0,56.0,4
1282,156.0,53.0,4
1283,157.0,56.0,4
1284,157.0,46.0,4
1285,158.0,57.0,4
1286,158.0,,4
1287,158.0,63.0,4
1288,158.0,43.0,4
1289,158.0,42.0,4
1290,159.0,54.0,4
1291,159.0,44.0,4
1292,159.0,70.0,4
1293,160.0,67.0,4
1294,160.0,63.5,4
1295,160.0,43.0,4
1296,161.0,59.0,4
1297,161.0,61.0,4
1298,162.0,64.0,4
1299,162.0,54.5,4
1300,162.0,67.0,4
1301,163.0,76.0,4
1302,163.0,73.0,4
1303,163.0,79.0,4
1304,163.0,69.0,4
1305,164.0,69.0,4
1306,165.0,71.0,4
1307,165.0,77.0,4
1308,166.0,74.0,4
1309,167.0,49.0,4
1310,167.0,72.0,4
1311,168.0,77.0,4
1312,168.0,80.0,4
1313,168.0,49.0,4
1314,168.0,78.0,4
1315,168.0,71.0,4
1316,168.0,42.0,4
1317,169.0,86.0,4
1318,169.0,59.5,4
1319,170.0,84.0,4
1320,173.0,52.0,4
1321,173.0,81.0,4
1322,173.0,54.0,4
1323,173.0,90.0,4
1324,174.0,84.0,4
1325,174.0,89.0,4
1326,174.0,81.0,4
1327,174.0,54.0,4
1328,175.0,53.0,4
1329,176.0,93.0,4
1330,177.0,88.0,4
1331,177.0,58.0,4
1332,178.0,98.0,4
1333,178.0,88.0,4
1334,179.0,81.5,4
1335,179.0,61.0,4
1336,179.0,92.0,4
1337,180.0,105.0,4
1338,180.0,93.0,4
1339,180.0,58.0,4
1340,181.0,105.5,4
1341,181.0,92.0,4
1342,181.0,62.0,4
1343,183.0,60.0,4
1344,183.0,130.0,4
1345,183.0,104.0,4
1346,183.0,88.5,4
1347,184.0,98.0,4
1348,184.0,104.0,4
1349,184.0,64.0,4
1350,185.0,104.0,4
1351,185.0,64.0,4
1352,185.0,105.0,4
1353,186.0,96.0,4
1354,187.0,120.0,4
1355,187.0,101.0,4
1356,187.0,68.0,4
1357,187.0,99.0,4
1358,188.0,104.0,4
1359,189.0,78.0,4
1360,189.0,95.0,4
1361,190.0,110.0,4
1362,190.0,104.0,4
1363,192.0,78.0,4
1364,192.0,72.0,4
1365,192.0,107.0,4
1366,193.0,78.0,4
1367,193.0,120.0,4
1368,193.0,102.0,4
1369,193.0,130.0,4
1370,193.0,105.0,4
1371,193.0,110.0,4
1372,193.0,79.0,4
1373,193.0,115.0,4
1374,194.0,77.0,4
1375,194.0,104.0,4
1376,194.0,80.0,4
1377,195.0,79.0,4
1378,195.0,101.0,4
1379,196.0,77.0,4
1380,196.0,108.0,4
1381,196.0,105.0,4
1382,197.0,88.0,4
1383,197.0,90.0,4
1384,197.0,99.0,4
1385,197.0,98.0,4
1386,198.0,114.0,4
1387,200.0,91.0,4
1388,200.0,85.0,4
1389,200.0,90.0,4
1390,200.0,99.0,4
1391,201.0,105.0,4
1392,201.0,95.0,4
1393,201.0,91.0,4
1394,202.0,96.0,4
1395,202.0,106.0,4
1396,203.0,109.0,4
1397,203.0,101.0,4
1398,204.0,96.0,4
1399,205.0,96.0,4
1400,206.0,107.0,4
1401,207.0,105.0,4
1402,208.0,104.0,4
1403,208.0,120.0,4
1404,211.0,120.0,4
1405,216.0,107.0,4
1406,,90.0,3
1407,,51.0,3
1408,,84.0,3
1409,,94.0,3
1410,,83.0,3
1411,,95.0,3
1412,,63.0,3
1413,,61.0,3
1414,,58.0,3
1415,141.0,40.0,3
1416,142.0,37.0,3
1417,142.0,33.0,3
1418,142.0,,3
1419,144.0,35.0,3
1420,145.0,48.0,3
1421,148.0,45.0,3
1422,148.0,37.0,3
1423,149.0,53.0,3
1424,149.0,42.0,3
1425,149.0,38.0,3
1426,150.0,38.0,3
1427,150.0,37.0,3
1428,150.0,50.0,3
1429,150.0,62.0,3
1430,150.0,52.0,3
1431,150.0,39.0,3
1432,150.0,35.0,3
1433,151.0,56.0,3
1434,152.0,50.0,3
1435,152.0,52.0,3
1436,152.0,56.0,3
1437,152.0,58.0,3
1438,153.0,41.0,3
1439,153.0,49.0,3
1440,154.0,49.0,3
1441,154.0,62.0,3
1442,155.0,59.0,3
1443,155.0,44.0,3
1444,155.0,49.0,3
1445,156.0,44.0,3
1446,157.0,63.0,3
1447,157.0,59.0,3
1448,157.0,57.0,3
1449,157.0,59.5,3
1450,158.0,64.0,3
1451,159.0,42.0,3
1452,159.0,58.0,3
1453,159.0,47.0,3
1454,160.0,42.0,3
1455,160.0,70.0,3
1456,160.0,64.0,3
1457,161.0,50.0,3
1458,162.0,66.0,3
1459,162.0,68.0,3
1460,162.0,75.0,3
1461,163.0,70.0,3
1462,163.0,72.0,3
1463,164.0,75.0,3
1464,164.0,72.0,3
1465,164.0,61.5,3
1466,164.0,83.0,3
1467,165.0,75.0,3
1468,165.0,73.0,3
1469,166.0,72.0,3
1470,167.0,77.0,3
1471,167.0,74.5,3
1472,168.0,47.0,3
1473,168.0,82.0,3
1474,169.0,52.0,3
1475,169.0,73.0,3
1476,170.0,92.0,3
1477,170.0,60.5,3
1478,170.0,90.0,3
1479,170.0,89.0,3
1480,170.0,97.0,3
1481,171.0,76.0,3
1482,171.0,85.0,3
1483,171.0,81.0,3
1484,172.0,48.0,3
1485,172.0,82.0,3
1486,172.0,87.0,3
1487,173.0,102.0,3
1488,173.0,50.0,3
1489,173.0,49.0,3
1490,173.0,85.0,3
1491,174.0,100.0,3
1492,174.0,77.5,3
1493,174.0,82.0,3
1494,174.0,79.0,3
1495,174.0,49.0,3
1496,174.0,88.0,3
1497,175.0,100.0,3
1498,175.0,88.0,3
1499,175.0,94.0,3
1500,175.0,83.0,3
1501,176.0,54.0,3
1502,176.0,88.0,3
1503,176.0,90.0,3
1504,176.0,97.0,3
1505,177.0,89.0,3
1506,177.0,86.0,3
1507,177.0,56.0,3
1508,177.0,94.0,3
1509,178.0,87.5,3
1510,178.0,105.0,3
1511,178.0,93.0,3
1512,179.0,87.0,3
1513,180.0,57.0,3
1514,180.0,130.0,3
1515,181.0,94.0,3
1516,181.0,95.0,3
1517,181.0,97.0,3
1518,181.0,104.0,3
1519,181.0,110.0,3
1520,182.0,115.0,3
1521,182.0,104.0,3
1522,182.0,148.0,3
1523,182.0,105.0,3
1524,182.0,93.0,3
1525,182.0,99.0,3
1526,183.0,97.0,3
1527,183.0,120.0,3
1528,183.0,94.0,3
1529,184.0,93.0,3
1530,184.0,91.0,3
1531,184.0,71.0,3
1532,185.0,63.0,3
1533,185.0,103.0,3
1534,185.0,65.0,3
1535,185.0,97.0,3
1536,186.0,97.0,3
1537,186.0,68.0,3
1538,186.0,103.0,3
1539,186.0,110.0,3
1540,186.0,135.0,3
1541,186.0,87.5,3
1542,187.0,71.0,3
1543,187.0,105.0,3
1544,188.0,112.0,3
1545,188.0,62.0,3
1546,188.0,68.0,3
1547,188.0,103.0,3
1548,188.0,110.0,3
1549,189.0,72.0,3
1550,189.0,73.0,3
1551,189.0,63.0,3
1552,190.0,108.0,3
1553,190.0,101.5,3
1554,190.0,106.0,3
1555,191.0,120.0,3
1556,191.0,109.0,3
1557,191.0,92.5,3
1558,191.0,107.0,3
1559,191.0,102.0,3
1560,192.0,75.0,3
1561,192.0,110.0,3
1562,192.0,99.0,3
1563,193.0,123.0,3
1564,193.0,76.0,3
1565,193.0,107.0,3
1566,193.0,112.0,3
1567,194.0,78.0,3
1568,194.0,125.0,3
1569,194.0,103.0,3
1570,194.0,82.0,3
1571,194.0,97.0,3
1572,194.0,99.0,3
1573,195.0,120.0,3
1574,195.0,78.0,3
1575,196.0,110.0,3
1576,196.0,99.0,3
1577,196.0,83.0,3
1578,197.0,125.0,3
1579,197.0,81.0,3
1580,197.0,106.0,3
1581,197.0,104.0,3
1582,197.0,103.0,3
1583,198.0,79.0,3
1584,198.0,,3
1585,198.0,77.0,3
1586,198.0,103.0,3
1587,198.0,102.0,3
1588,198.0,110.0,3
1589,198.0,112.0,3
1590,199.0,86.0,3
1591,200.0,120.0,3
1592,200.0,103.0,3
1593,200.0,113.0,3
1594,200.0,130.0,3
1595,200.0,89.0,3
1596,200.0,110.0,3
1597,200.0,92.0,3
1598,200.0,104.0,3
1599,200.0,106.0,3
1600,201.0,99.0,3
1601,201.0,93.0,3
1602,201.0,104.0,3
1603,202.0,104.0,3
1604,202.0,103.0,3
1605,202.0,115.0,3
1606,202.0,91.0,3
1607,202.0,85.0,3
1608,202.0,99.0,3
1609,202.0,97.0,3
1610,203.0,106.0,3
1611,203.0,114.0,3
1612,203.0,92.0,3
1613,203.0,91.0,3
1614,203.0,139.0,3
1615,204.0,102.0,3
1616,204.0,90.0,3
1617,205.0,116.0,3
1618,205.0,115.0,3
1619,205.0,85.0,3
1620,205.0,91.0,3
1621,206.0,93.0,3
1622,206.0,100.0,3
1623,206.0,96.0,3
1624,206.0,105.0,3
1625,206.0,117.0,3
1626,207.0,100.0,3
1627,208.0,107.0,3
1628,208.0,106.0,3
1629,208.0,102.0,3
1630,208.0,100.0,3
1631,209.0,94.0,3
1632,210.0,110.0,3
1633,211.0,98.0,3
1634,215.0,115.0,3
1635,218.0,141.0,3
1636,223.0,122.0,3
1637,,57.0,2
1638,,72.5,2
1639,,130.0,2
1640,,89.0,2
1641,,50.0,2
1642,,37.0,2
1643,,85.0,2
1644,,73.5,2
1645,,62.0,2
1646,,55.0,2
1647,,127.0,2
1648,,101.5,2
1649,,109.0,2
1650,,81.5,2
1651,,103.5,2
1652,,59.5,2
1653,,98.0,2
1654,,99.0,2
1655,,86.0,2
1656,,47.0,2
1657,137.0,28.0,2
1658,139.0,36.0,2
1659,143.0,36.0,2
1660,144.0,34.0,2
1661,146.0,47.0,2
1662,146.0,45.0,2
1663,146.0,42.0,2
1664,147.0,45.0,2
1665,147.0,47.0,2
1666,147.0,,2
1667,148.0,42.0,2
1668,150.0,,2
1669,150.0,55.0,2
1670,150.0,49.0,2
1671,150.0,59.0,2
1672,150.0,70.0,2
1673,151.0,44.0,2
1674,151.0,48.0,2
1675,152.0,90.0,2
1676,152.0,59.0,2
1677,152.0,55.5,2
1678,153.0,47.0,2
1679,153.0,60.0,2
1680,153.0,44.0,2
1681,153.0,51.0,2
1682,153.0,45.0,2
1683,153.0,54.0,2
1684,154.0,46.0,2
1685,154.0,40.0,2
1686,154.0,54.0,2
1687,155.0,43.0,2
1688,156.0,68.0,2
1689,156.0,41.0,2
1690,156.0,57.0,2
1691,156.0,45.0,2
1692,156.0,61.0,2
1693,156.0,49.0,2
1694,157.0,47.0,2
1695,157.0,43.0,2
1696,157.0,53.5,2
1697,158.0,59.0,2
1698,158.0,66.0,2
1699,158.0,47.0,2
1700,158.0,40.0,2
1701,159.0,45.0,2
1702,159.0,43.0,2
1703,160.0,72.0,2
1704,161.0,69.0,2
1705,161.0,77.0,2
1706,162.0,56.5,2
1707,162.0,40.0,2
1708,162.0,52.5,2
1709,162.0,85.0,2
1710,163.0,46.0,2
1711,163.0,75.0,2
1712,164.0,42.0,2
1713,164.0,110.0,2
1714,164.0,76.0,2
1715,164.0,67.5,2
1716,164.0,46.0,2
1717,164.0,73.0,2
1718,165.0,43.0,2
1719,165.0,80.0,2
1720,165.0,78.5,2
1721,165.0,65.5,2
1722,165.0,79.0,2
1723,165.0,54.5,2
1724,165.0,40.0,2
1725,165.0,46.0,2
1726,166.0,49.0,2
1727,166.0,75.0,2
1728,166.0,48.0,2
1729,166.0,45.0,2
1730,166.0,46.0,2
1731,167.0,48.0,2
1732,167.0,85.5,2
1733,167.0,79.0,2
1734,167.0,76.0,2
1735,167.0,78.0,2
1736,169.0,47.0,2
1737,169.0,80.0,2
1738,169.0,72.0,2
1739,169.0,51.0,2
1740,170.0,126.0,2
1741,170.0,104.0,2
1742,170.0,48.0,2
1743,170.0,94.0,2
1744,170.0,47.0,2
1745,170.0,118.0,2
1746,170.0,95.0,2
1747,170.0,72.5,2
1748,170.0,100.0,2
1749,171.0,78.0,2
1750,171.0,86.0,2
1751,171.0,79.0,2
1752,171.0,96.0,2
1753,171.0,84.0,2
1754,171.0,90.0,2
1755,172.0,84.0,2
1756,172.0,53.0,2
1757,172.0,89.0,2
1758,172.0,81.5,2
1759,173.0,65.5,2
1760,173.0,74.5,2
1761,173.0,96.0,2
1762,173.0,122.0,2
1763,173.0,87.0,2
1764,174.0,48.0,2
1765,174.0,86.5,2
1766,174.0,56.0,2
1767,174.0,82.5,2
1768,174.0,50.0,2
1769,174.0,76.5,2
1770,175.0,52.0,2
1771,175.0,50.0,2
1772,175.0,105.0,2
1773,175.0,87.0,2
1774,176.0,53.0,2
1775,176.0,52.0,2
1776,176.0,102.0,2
1777,177.0,114.0,2
1778,177.0,87.5,2
1779,177.0,110.0,2
1780,177.0,105.0,2
1781,177.0,106.0,2
1782,177.0,87.0,2
1783,177.0,92.0,2
1784,177.0,61.0,2
1785,178.0,74.5,2
1786,178.0,56.0,2
1787,178.0,55.0,2
1788,178.0,57.0,2
1789,178.0,97.0,2
1790,178.0,124.0,2
1791,178.0,141.0,2
1792,178.0,94.0,2
1793,179.0,102.0,2
1794,179.0,107.0,2
1795,180.0,65.5,2
1796,180.0,108.0,2
1797,180.0,112.0,2
1798,180.0,116.0,2
1799,180.0,106.0,2
1800,180.0,81.5,2
1801,180.0,143.0,2
1802,180.0,139.0,2
1803,181.0,61.0,2
1804,181.0,60.0,2
1805,181.0,91.0,2
1806,181.0,63.0,2
1807,181.0,57.0,2
1808,181.0,86.5,2
1809,181.0,59.0,2
1810,181.0,145.0,2
1811,182.0,57.0,2
1812,182.0,97.5,2
1813,182.0,108.0,2
1814,182.0,98.0,2
1815,183.0,114.0,2
1816,183.0,106.0,2
1817,183.0,146.0,2
1818,183.0,113.0,2
1819,183.0,103.0,2
1820,183.0,82.5,2
1821,183.0,116.5,2
1822,183.0,170.0,2
1823,183.0,107.0,2
1824,183.0,102.0,2
1825,183.0,99.0,2
1826,184.0,103.0,2
1827,184.0,115.0,2
1828,184.0,96.0,2
1829,184.0,94.0,2
1830,184.0,120.0,2
1831,185.0,127.0,2
1832,185.0,120.0,2
1833,185.0,117.0,2
1834,185.0,130.5,2
1835,185.0,97.5,2
1836,185.0,155.0,2
1837,185.0,160.0,2
1838,186.0,150.0,2
1839,186.0,98.0,2
1840,186.0,69.0,2
1841,186.0,115.0,2
1842,186.0,66.0,2
1843,186.0,60.0,2
1844,186.0,102.0,2
1845,186.0,113.0,2
1846,187.0,64.0,2
1847,187.0,63.0,2
1848,187.0,107.0,2
1849,187.0,146.5,2
1850,187.0,113.0,2
1851,188.0,113.0,2
1852,188.0,99.0,2
1853,188.0,116.0,2
1854,188.0,107.0,2
1855,188.0,136.0,2
1856,188.0,120.0,2
1857,188.0,97.0,2
1858,188.0,65.0,2
1859,189.0,90.5,2
1860,189.0,62.0,2
1861,189.0,163.0,2
1862,190.0,125.0,2
1863,190.0,71.0,2
1864,190.0,65.0,2
1865,190.0,101.0,2
1866,190.0,62.0,2
1867,191.0,70.0,2
1868,192.0,115.0,2
1869,192.0,105.0,2
1870,192.0,,2
1871,192.0,79.0,2
1872,192.0,73.0,2
1873,193.0,68.0,2
1874,193.0,73.0,2
1875,193.0,114.0,2
1876,193.0,75.0,2
1877,193.0,118.0,2
1878,193.0,129.0,2
1879,193.0,108.0,2
1880,194.0,83.0,2
1881,194.0,130.0,2
1882,195.0,65.0,2
1883,195.0,132.0,2
1884,195.0,,2
1885,195.0,130.0,2
1886,195.0,68.0,2
1887,195.0,135.0,2
1888,195.0,77.0,2
1889,196.0,75.0,2
1890,196.0,109.0,2
1891,196.0,70.0,2
1892,196.0,128.0,2
1893,196.0,103.0,2
1894,197.0,96.0,2
1895,197.0,80.0,2
1896,197.0,84.0,2
1897,197.0,92.0,2
1898,197.0,110.0,2
1899,198.0,106.0,2
1900,198.0,118.0,2
1901,198.0,115.0,2
1902,198.0,111.0,2
1903,198.0,105.0,2
1904,198.0,83.0,2
1905,198.0,82.0,2
1906,198.0,140.0,2
1907,199.0,110.0,2
1908,199.0,92.0,2
1909,199.0,96.0,2
1910,199.0,106.0,2
1911,200.0,88.0,2
1912,200.0,115.0,2
1913,201.0,103.5,2
1914,201.0,78.0,2
1915,201.0,114.0,2
1916,201.0,98.0,2
1917,201.0,115.0,2
1918,201.0,96.0,2
1919,201.0,90.0,2
1920,202.0,108.0,2
1921,202.0,80.0,2
1922,202.0,111.0,2
1923,202.0,112.0,2
1924,203.0,94.0,2
1925,203.0,104.0,2
1926,203.0,160.0,2
1927,203.0,62.0,2
1928,203.0,103.0,2
1929,203.0,120.0,2
1930,204.0,142.0,2
1931,204.0,115.0,2
1932,204.0,108.0,2
1933,204.0,105.0,2
1934,204.0,110.0,2
1935,204.0,98.0,2
1936,204.0,97.0,2
1937,205.0,89.0,2
1938,205.0,110.0,2
1939,205.0,94.0,2
1940,205.0,107.0,2
1941,205.0,95.0,2
1942,205.0,98.0,2
1943,206.0,104.0,2
1944,206.0,108.0,2
1945,206.0,101.0,2
1946,206.0,102.0,2
1947,207.0,106.0,2
1948,207.0,87.0,2
1949,207.0,120.0,2
1950,207.0,95.0,2
1951,208.0,115.0,2
1952,208.0,103.0,2
1953,208.0,105.0,2
1954,209.0,101.0,2
1955,209.0,96.0,2
1956,210.0,105.0,2
1957,210.0,90.0,2
1958,210.0,115.0,2
1959,210.0,128.0,2
1960,211.0,115.0,2
1961,211.0,112.0,2
1962,213.0,109.0,2
1963,213.0,110.0,2
1964,213.0,100.0,2
1965,213.0,122.0,2
1966,213.0,113.0,2
1967,214.0,117.0,2
1968,216.0,111.0,2
1969,217.0,115.0,2
1970,217.0,102.0,2
1971,218.0,115.0,2
1972,220.0,110.0,2
1973,,108.0,1
1974,,77.3333333333333,1
1975,,65.5,1
1976,,64.0,1
1977,,91.0,1
1978,,146.0,1
1979,,67.5,1
1980,,92.0,1
1981,,88.0,1
1982,,97.0,1
1983,,102.5,1
1984,,96.0,1
1985,,48.0,1
1986,,54.0,1
1987,,105.0,1
1988,,107.0,1
1989,,115.0,1
1990,,93.0,1
1991,138.0,66.0,1
1992,139.0,34.0,1
1993,139.0,32.0,1
1994,140.0,38.0,1
1995,140.0,32.0,1
1996,140.0,39.0,1
1997,140.0,56.0,1
1998,140.0,40.0,1
1999,140.0,33.0,1
2000,140.0,,1
2001,142.0,36.0,1
2002,142.0,50.0,1
2003,142.0,32.0,1
2004,142.0,35.0,1
2005,143.0,54.0,1
2006,143.0,31.0,1
2007,143.0,34.0,1
2008,144.0,33.0,1
2009,144.0,55.0,1
2010,145.0,37.0,1
2011,145.0,55.0,1
2012,145.0,35.0,1
2013,145.0,44.0,1
2014,145.0,36.0,1
2015,146.0,43.0,1
2016,146.0,46.0,1
2017,146.0,39.0,1
2018,146.0,40.0,1
2019,147.0,36.0,1
2020,147.0,37.0,1
2021,147.0,34.0,1
2022,147.0,43.0,1
2023,147.0,48.0,1
2024,148.0,39.0,1
2025,148.0,57.0,1
2026,148.0,46.0,1
2027,148.0,36.0,1
2028,148.0,48.0,1
2029,149.0,45.0,1
2030,149.0,48.0,1
2031,149.0,43.0,1
2032,149.0,47.0,1
2033,150.0,58.0,1
2034,150.0,65.0,1
2035,150.0,47.0,1
2036,150.0,57.0,1
2037,150.0,43.0,1
2038,150.0,45.0,1
2039,150.0,46.0,1
2040,151.0,57.0,1
2041,151.0,40.0,1
2042,151.0,41.0,1
2043,151.0,35.0,1
2044,151.0,42.0,1
2045,151.0,49.0,1
2046,151.0,45.0,1
2047,151.0,47.0,1
2048,152.0,55.0,1
2049,152.0,45.0,1
2050,152.0,46.0,1
2051,152.0,40.0,1
2052,152.0,53.0,1
2053,152.0,57.0,1
2054,152.0,60.0,1
2055,153.0,57.0,1
2056,153.0,58.0,1
2057,153.0,56.0,1
2058,154.0,60.0,1
2059,154.0,51.0,1
2060,154.0,59.0,1
2061,154.0,47.0,1
2062,154.0,55.0,1
2063,154.0,45.0,1
2064,154.0,57.0,1
2065,155.0,67.0,1
2066,155.0,41.0,1
2067,155.0,42.0,1
2068,155.0,62.0,1
2069,155.0,69.0,1
2070,155.0,77.0,1
2071,156.0,55.0,1
2072,156.0,67.0,1
2073,156.0,59.0,1
2074,157.0,69.0,1
2075,157.0,42.0,1
2076,157.0,62.0,1
2077,157.0,66.0,1
2078,157.0,40.0,1
2079,157.0,65.0,1
2080,158.0,68.0,1
2081,158.0,69.0,1
2082,158.0,62.0,1
2083,158.0,36.0,1
2084,159.0,69.0,1
2085,159.0,71.0,1
2086,159.0,40.0,1
2087,159.0,46.0,1
2088,159.0,65.0,1
2089,159.0,61.0,1
2090,159.0,68.0,1
2091,159.0,,1
2092,159.0,73.0,1
2093,160.0,67.5,1
2094,160.0,69.5,1
2095,160.0,75.0,1
2096,160.0,44.0,1
2097,160.0,40.0,1
2098,160.0,68.0,1
2099,161.0,39.0,1
2100,161.0,49.0,1
2101,161.0,66.0,1
2102,161.0,71.0,1
2103,161.0,47.0,1
2104,161.0,63.0,1
2105,161.0,40.0,1
2106,161.0,64.0,1
2107,161.0,75.0,1
2108,161.0,67.0,1
2109,162.0,59.5,1
2110,162.0,72.0,1
2111,162.0,69.0,1
2112,162.0,53.5,1
2113,162.0,43.0,1
2114,162.0,46.0,1
2115,162.0,42.0,1
2116,162.0,41.0,1
2117,162.0,76.0,1
2118,162.0,38.0,1
2119,163.0,95.0,1
2120,163.0,41.0,1
2121,163.0,43.0,1
2122,163.0,77.0,1
2123,163.0,71.0,1
2124,163.0,78.0,1
2125,163.0,61.5,1
2126,163.0,74.0,1
2127,163.0,45.0,1
2128,164.0,41.0,1
2129,164.0,45.0,1
2130,164.0,59.5,1
2131,164.0,68.5,1
2132,164.0,78.0,1
2133,164.0,43.0,1
2134,165.0,102.0,1
2135,165.0,64.5,1
2136,165.0,85.0,1
2137,165.0,82.0,1
2138,165.0,83.0,1
2139,165.0,78.0,1
2140,165.0,76.0,1
2141,165.0,100.0,1
2142,165.0,44.0,1
2143,165.0,74.0,1
2144,166.0,80.0,1
2145,166.0,76.0,1
2146,166.0,83.0,1
2147,166.0,43.0,1
2148,166.0,70.5,1
2149,166.0,79.0,1
2150,166.0,85.0,1
2151,167.0,75.5,1
2152,167.0,88.0,1
2153,167.0,82.0,1
2154,167.0,104.0,1
2155,167.0,81.0,1
2156,167.0,43.0,1
2157,167.0,47.0,1
2158,167.0,66.5,1
2159,167.0,45.0,1
2160,168.0,69.5,1
2161,168.0,99.0,1
2162,168.0,44.0,1
2163,168.0,102.0,1
2164,168.0,83.0,1
2165,168.0,93.0,1
2166,168.0,45.0,1
2167,169.0,50.0,1
2168,169.0,79.0,1
2169,169.0,83.0,1
2170,169.0,91.0,1
2171,169.0,85.0,1
2172,169.0,84.0,1
2173,170.0,120.0,1
2174,170.0,59.5,1
2175,170.0,83.0,1
2176,170.0,45.0,1
2177,170.0,91.0,1
2178,170.0,79.0,1
2179,170.0,116.0,1
2180,170.0,58.5,1
2181,170.0,46.0,1
2182,170.0,66.5,1
2183,170.0,88.0,1
2184,170.0,39.0,1
2185,171.0,54.0,1
2186,171.0,48.0,1
2187,171.0,100.5,1
2188,171.0,91.0,1
2189,171.0,52.0,1
2190,171.0,82.0,1
2191,171.0,88.0,1
2192,171.0,94.0,1
2193,171.0,49.0,1
2194,171.0,46.0,1
2195,172.0,86.0,1
2196,172.0,96.0,1
2197,172.0,94.0,1
2198,172.0,75.5,1
2199,172.0,120.0,1
2200,172.0,108.0,1
2201,172.0,50.0,1
2202,172.0,70.5,1
2203,172.0,93.0,1
2204,172.0,105.0,1
2205,172.0,51.0,1
2206,172.0,95.0,1
2207,172.0,99.0,1
2208,172.0,45.0,1
2209,172.0,61.5,1
2210,172.0,66.5,1
2211,172.0,47.0,1
2212,173.0,100.0,1
2213,173.0,88.0,1
2214,173.0,73.5,1
2215,173.0,46.0,1
2216,173.0,123.0,1
2217,173.0,98.0,1
2218,173.0,140.0,1
2219,174.0,91.0,1
2220,174.0,131.0,1
2221,174.0,93.5,1
2222,174.0,70.5,1
2223,174.0,83.5,1
2224,174.0,98.0,1
2225,174.0,92.0,1
2226,174.0,51.0,1
2227,174.0,63.5,1
2228,174.0,105.0,1
2229,174.0,87.0,1
2230,174.0,103.0,1
2231,175.0,77.5,1
2232,175.0,133.0,1
2233,175.0,136.0,1
2234,175.0,48.0,1
2235,175.0,92.0,1
2236,175.0,71.5,1
2237,175.0,95.0,1
2238,175.0,91.0,1
2239,175.0,109.5,1
2240,175.0,89.0,1
2241,175.0,69.5,1
2242,175.0,49.0,1
2243,175.0,62.5,1
2244,175.0,114.0,1
2245,175.0,78.5,1
2246,175.0,99.0,1
2247,175.0,51.0,1
2248,176.0,95.0,1
2249,176.0,105.0,1
2250,176.0,94.0,1
2251,176.0,175.0,1
2252,176.0,69.5,1
2253,176.0,89.0,1
2254,176.0,79.5,1
2255,176.0,136.0,1
2256,176.0,91.0,1
2257,176.0,48.0,1
2258,176.0,104.5,1
2259,176.0,51.0,1
2260,176.0,100.0,1
2261,176.0,92.0,1
2262,176.0,55.0,1
2263,177.0,96.0,1
2264,177.0,59.0,1
2265,177.0,52.0,1
2266,177.0,69.5,1
2267,177.0,55.0,1
2268,177.0,100.0,1
2269,177.0,51.0,1
2270,178.0,52.0,1
2271,178.0,107.0,1
2272,178.0,76.5,1
2273,178.0,106.0,1
2274,178.0,53.0,1
2275,178.0,79.5,1
2276,178.0,54.0,1
2277,178.0,67.5,1
2278,179.0,108.5,1
2279,179.0,77.5,1
2280,179.0,100.0,1
2281,179.0,94.0,1
2282,179.0,97.0,1
2283,179.0,65.5,1
2284,179.0,93.0,1
2285,179.0,66.5,1
2286,179.0,103.0,1
2287,179.0,57.0,1
2288,179.0,105.0,1
2289,179.0,56.0,1
2290,179.0,58.0,1
2291,179.0,98.0,1
2292,180.0,140.0,1
2293,180.0,113.0,1
2294,180.0,82.5,1
2295,180.0,115.0,1
2296,180.0,101.0,1
2297,180.0,127.0,1
2298,180.0,70.5,1
2299,180.0,107.0,1
2300,180.0,111.0,1
2301,180.0,123.0,1
2302,180.0,125.0,1
2303,180.0,99.0,1
2304,180.0,110.0,1
2305,180.0,138.0,1
2306,181.0,128.0,1
2307,181.0,167.0,1
2308,181.0,73.5,1
2309,182.0,60.0,1
2310,182.0,96.0,1
2311,182.0,147.0,1
2312,182.0,112.0,1
2313,182.0,84.5,1
2314,182.0,106.0,1
2315,182.0,97.0,1
2316,182.0,140.0,1
2317,182.0,120.0,1
2318,182.0,94.0,1
2319,182.0,128.0,1
2320,182.0,54.0,1
2321,183.0,134.0,1
2322,183.0,69.5,1
2323,183.0,57.0,1
2324,183.0,118.0,1
2325,183.0,59.0,1
2326,184.0,62.0,1
2327,184.0,110.0,1
2328,184.0,99.0,1
2329,184.0,88.5,1
2330,184.0,101.0,1
2331,184.0,142.0,1
2332,184.0,113.0,1
2333,184.0,65.0,1
2334,184.0,91.5,1
2335,184.0,77.5,1
2336,184.0,83.5,1
2337,185.0,77.5,1
2338,185.0,116.0,1
2339,185.0,108.0,1
2340,185.0,61.0,1
2341,185.0,109.0,1
2342,185.0,132.0,1
2343,185.0,130.0,1
2344,185.0,57.0,1
2345,185.0,137.0,1
2346,185.0,93.5,1
2347,185.0,60.0,1
2348,185.0,140.0,1
2349,185.0,115.0,1
2350,185.0,92.5,1
2351,185.0,59.0,1
2352,186.0,112.0,1
2353,186.0,128.0,1
2354,186.0,99.0,1
2355,186.0,65.0,1
2356,186.0,,1
2357,186.0,63.0,1
2358,186.0,125.0,1
2359,187.0,130.0,1
2360,187.0,104.0,1
2361,187.0,65.0,1
2362,187.0,86.5,1
2363,187.0,102.0,1
2364,187.0,67.0,1
2365,187.0,112.0,1
2366,187.0,106.0,1
2367,187.0,66.0,1
2368,187.0,126.0,1
2369,187.0,128.0,1
2370,187.0,103.0,1
2371,188.0,59.0,1
2372,188.0,89.5,1
2373,188.0,141.0,1
2374,188.0,86.5,1
2375,188.0,134.0,1
2376,188.0,67.0,1
2377,188.0,108.0,1
2378,188.0,64.0,1
2379,188.0,125.0,1
2380,188.0,145.0,1
2381,188.0,135.5,1
2382,188.0,115.0,1
2383,188.0,63.0,1
2384,188.0,106.0,1
2385,188.0,135.0,1
2386,188.0,114.0,1
2387,188.0,69.0,1
2388,189.0,106.0,1
2389,189.0,99.0,1
2390,189.0,105.0,1
2391,189.0,120.0,1
2392,189.0,127.0,1
2393,189.0,108.0,1
2394,189.0,125.0,1
2395,189.0,140.0,1
2396,190.0,109.0,1
2397,190.0,115.0,1
2398,190.0,123.0,1
2399,190.0,89.5,1
2400,190.0,63.0,1
2401,190.0,132.0,1
2402,190.0,66.0,1
2403,190.0,107.0,1
2404,190.0,103.0,1
2405,190.0,135.0,1
2406,190.0,67.0,1
2407,190.0,64.0,1
2408,190.0,69.0,1
2409,190.0,68.0,1
2410,190.0,130.0,1
2411,191.0,125.0,1
2412,191.0,110.0,1
2413,191.0,103.0,1
2414,191.0,99.0,1
2415,191.0,74.0,1
2416,191.0,114.0,1
2417,191.0,115.0,1
2418,191.0,71.0,1
2419,191.0,112.0,1
2420,191.0,123.0,1
2421,191.0,116.0,1
2422,191.0,130.0,1
2423,191.0,118.0,1
2424,191.0,108.0,1
2425,192.0,126.0,1
2426,192.0,117.0,1
2427,192.0,67.0,1
2428,192.0,131.0,1
2429,192.0,81.0,1
2430,192.0,106.0,1
2431,192.0,83.5,1
2432,192.0,160.0,1
2433,192.0,130.0,1
2434,192.0,77.0,1
2435,192.0,156.0,1
2436,192.0,74.0,1
2437,192.0,101.0,1
2438,193.0,106.0,1
2439,193.0,154.0,1
2440,193.0,64.0,1
2441,193.0,126.0,1
2442,193.0,70.0,1
2443,193.0,125.0,1
2444,193.0,116.0,1
2445,193.0,74.0,1
2446,194.0,109.0,1
2447,194.0,71.0,1
2448,194.0,79.0,1
2449,194.0,146.0,1
2450,194.0,81.0,1
2451,194.0,115.0,1
2452,194.0,135.0,1
2453,194.0,75.0,1
2454,194.0,86.0,1
2455,194.0,74.0,1
2456,194.0,72.0,1
2457,194.0,118.0,1
2458,194.0,110.0,1
2459,194.0,,1
2460,194.0,105.0,1
2461,194.0,120.0,1
2462,195.0,106.0,1
2463,195.0,121.0,1
2464,195.0,125.0,1
2465,195.0,62.0,1
2466,195.0,73.0,1
2467,195.0,81.0,1
2468,195.0,109.0,1
2469,196.0,107.0,1
2470,196.0,113.0,1
2471,196.0,114.0,1
2472,196.0,182.0,1
2473,196.0,,1
2474,196.0,74.0,1
2475,196.0,102.5,1
2476,196.0,124.0,1
2477,196.0,106.0,1
2478,196.0,72.0,1
2479,197.0,107.0,1
2480,197.0,160.0,1
2481,197.0,108.0,1
2482,197.0,102.0,1
2483,197.0,114.0,1
2484,197.0,105.0,1
2485,198.0,109.0,1
2486,198.0,70.0,1
2487,198.0,81.0,1
2488,198.0,117.0,1
2489,198.0,120.0,1
2490,198.0,78.0,1
2491,198.0,107.0,1
2492,198.0,84.0,1
2493,198.0,108.0,1
2494,199.0,88.0,1
2495,199.0,108.0,1
2496,199.0,89.0,1
2497,199.0,91.0,1
2498,199.0,80.0,1
2499,199.0,115.0,1
2500,199.0,78.0,1
2501,199.0,75.0,1
2502,199.0,97.0,1
2503,199.0,118.0,1
2504,200.0,119.0,1
2505,200.0,125.0,1
2506,200.0,111.0,1
2507,200.0,128.0,1
2508,200.0,108.0,1
2509,200.0,101.0,1
2510,201.0,126.0,1
2511,201.0,108.0,1
2512,201.0,83.0,1
2513,201.0,109.0,1
2514,201.0,84.0,1
2515,201.0,85.0,1
2516,201.0,125.0,1
2517,201.0,97.0,1
2518,201.0,94.0,1
2519,201.0,75.0,1
2520,201.0,103.0,1
2521,201.0,107.0,1
2522,201.0,130.0,1
2523,202.0,109.0,1
2524,202.0,82.0,1
2525,202.0,92.0,1
2526,202.0,102.0,1
2527,203.0,,1
2528,203.0,90.0,1
2529,203.0,112.0,1
2530,203.0,130.0,1
2531,203.0,80.0,1
2532,203.0,86.0,1
2533,203.0,84.0,1
2534,203.0,99.0,1
2535,203.0,108.0,1
2536,203.0,107.0,1
2537,204.0,94.0,1
2538,204.0,112.0,1
2539,204.0,132.0,1
2540,204.0,120.0,1
2541,204.0,111.0,1
2542,204.0,101.0,1
2543,204.0,103.0,1
2544,204.0,107.0,1
2545,205.0,92.0,1
2546,205.0,86.0,1
2547,205.0,108.0,1
2548,205.0,106.0,1
2549,205.0,118.0,1
2550,205.0,103.0,1
2551,206.0,114.0,1
2552,206.0,99.0,1
2553,206.0,88.0,1
2554,206.0,,1
2555,206.0,106.0,1
2556,206.0,109.0,1
2557,206.0,90.0,1
2558,206.0,110.0,1
2559,207.0,110.0,1
2560,207.0,103.0,1
2561,207.0,90.0,1
2562,207.0,92.0,1
2563,207.0,96.0,1
2564,207.0,109.0,1
2565,208.0,97.0,1
2566,208.0,118.0,1
2567,208.0,90.0,1
2568,208.0,98.0,1
2569,208.0,93.0,1
2570,209.0,103.0,1
2571,209.0,115.0,1
2572,209.0,114.0,1
2573,209.0,93.0,1
2574,209.0,100.0,1
2575,210.0,124.0,1
2576,210.0,104.0,1
2577,210.0,118.0,1
2578,210.0,112.0,1
2579,210.0,122.0,1
2580,210.0,108.0,1
2581,210.0,140.0,1
2582,211.0,107.0,1
2583,211.0,122.0,1
2584,211.0,113.0,1
2585,211.0,97.0,1
2586,212.0,110.0,1
2587,212.0,100.0,1
2588,212.0,95.0,1
2589,212.0,97.0,1
2590,213.0,130.0,1
2591,213.0,102.0,1
2592,213.0,104.0,1
2593,213.0,117.0,1
2594,214.0,135.0,1
2595,214.0,126.0,1
2596,215.0,90.0,1
2597,215.0,101.0,1
2598,216.0,113.0,1
2599,216.0,137.0,1
2600,218.0,110.0,1
2601,219.0,104.0,1
2602,220.0,112.0,1
2603,223.0,102.0,1
